school_id,school_name,school_city,school_state,school_district,school_within_school,leader_tenure,interest_participate_research,measure_success,willing_share_evidence,tag_evaluation_s,promising_practices,suggested_tags_s,public_contact,public_contact_role,public_contact_email,blended_learning,competency_education,design_equity,expanded_success,anti_racist_action,pbl,sel,community_supports,reallocation_resources,service_learning,circles,career_prep,culturally_relevant,community_partnerships,restorative_practice,sel_integrated,assessments_sel,mental_health,physical_well_being,trauma_informed,learning_paths,interdisciplinary,social_justice,ways_mastery,projects_primary,accommodations,learner_profiles,portfolios_exhibitions,real_world,student_projects,makerspace,assessments_deeper,flexible_staffing,real_time_data,individual_rotation,flipped_classroom,flex,student_data,competency_framework,performance_assessment,student_pace,advisories,student_goals,teachers_leaders,extended_learning,enriched_virtual,a_la_carte,assessments_career,meet_professionals,industry_credentials,dual_credit,early_college,elimination_tracking,mentoring,multi_age,tutoring,fully_remote,fully_in_person,hybrid,rotating_schedule,asynchronous_online,virtual_enrichment,remote_accommodations,place_based,family_learning,digital_materials,families_choose_modality,half_days,alternating_days,sel_curriculum,hiring_equity,peer_to_peer,station_rotation,grading_mastery,opportunities_mastery,synchronous_online,print_materials,student_conferences,families_leaders,design_thinking,flexible_facilities,adaptive_content,assessment_schedule,udl,dual_language,open_hours,interoperability,advancement_mastery,alternating_weeks,teachers_choose_modality,lab_rotation,conditions_desire_cutting_edge,conditions_external_catalyst_events,conditions_lack_of_student_agency,conditions_lack_of_teacher_agency,conditions_change_in_demographics,conditions_negative_factors_inside_school,conditions_covid19_closures,conditions_stakeholder_demand,conditions_systemic_inequities,conditions_other_rank,conditions_other_text,NCES_id,student_count,black_percent,hawaiian_native_percent,native_percent,multiple_races_percent,asian_percent,hispanic_percent,white_percent,pk_grade,kg_grade,1_grade,2_grade,3_grade,4_grade,5_grade,6_grade,7_grade,8_grade,9_grade,10_grade,11_grade,12_grade,suspended_percent,chron_absent_percent,LEP_percent,IDEA_percent,title_i_schoolwide,type,magnet,direct_certification_count,website,locale,FRPL_percent,average_grad_rate,ELA_School_Average,Math_School_Average
1,A2 Virtual + Academy,Ann Arbor,Michigan,Ann Arbor Public Schools,Yes,7-9 years,Yes,We measure success through student engagement and course completion.,Yes,Very well,Expanded full-time student participation which resulted in expanded course offerings in middle school core and electives.,,Cindy Leaman,Principal,leamanc@aaps.k12.mi.us,1,5+ years,1,1,,1,1,1,,1,,,,1,,,1,,,,,1,,,,5+ years,,1,1,,,1,1,1,,,,1,1,5+ years,5+ years,1,1,1,,,,,,,,,,,,1,1,,,,5+ years,,1,,,1,,,,,,1,,1,1,,1,,1,,,1,1,1,,1,1,1,,,,1,,,,,,3,2,,,,,,,,,,,,,,,,,,,,,,,,,,,,,,,,,,,,,,,,
9,Armada High School,Armada,Michigan,Armada Area Schools,No,4-6 years,Not at this time,Student achievement data and perception data.,Not quite yet,Well,,,,,,1,1,,,,,,,,,,,,1,1,,,1,,,,,,1,,1,,,,,,1,,,,,,,,,,,1,,,,,1,,1,1,1,,,,1,1,1,,1,1,,,,,,1,,,,,,,1,,,,,,,1,,,,,,,,1,,,2,3,,,,,,1,,,,260324004042,602,0.00%,0.17%,0.50%,0.50%,0.33%,2.33%,96.18%,No,No,No,No,No,No,No,No,No,No,Yes,Yes,Yes,Yes,1.00%,14.92%,0.57%,7.17%,2-No,District,2-No,–,http://www.armadaschools.org,Rural,18.11%,95.00%,,
10,Asa Messer Elementary School,Providence,Rhode Island,Providence Public Schools,No,Less than a year,Yes,Equity can be observed through conferencing schedules embedded in our literacy curriculum Literacy progress as measured by our formative and summative assessments,Not quite yet,Well,,,,,,,,Less than a year,,,,,,,,,,1,,,,1,,,,,,,,,,,,,,,,,Less than a year,,,,,,,,,,,,,,,,,,,,,,,,1,,,,,,,,,,,,,,,1,,,,,,,,,,,,,,,,,,,1,,,,,,,,2,,,440090000213,545,8.81%,0.00%,0.73%,3.49%,8.81%,70.09%,8.07%,Yes,Yes,Yes,Yes,Yes,Yes,No,No,No,No,No,No,No,No,1.04%,30.62%,38.58%,15.40%,1-Yes,District,†,–,,Urban,88.62%,,19.5,19.5
21,Berrien Springs Virtual School,Berrien Springs,Michigan,Berrien Springs Public Schools,Yes,4-6 years,Yes,"Student, parent and staff perception data; academic achievement data; student growth data; and external agencies interest in our school's vision.",Yes,Well,,None to suggest at this time.,Berrien Springs Public Schools,Superintendent,deichberg@homeoftheshamrocks.org,5+ years,,1,,,1,,1,,,,1,,1,,,,,,,,1,,,,1,,1,,1,,,,1,,1,,1,1,1,1,1,,,1,5+ years,1,,,,1,1,1,,,1,1,1,1,,1-2 years,1,1,,1,1,5+ years,,,,,,,5+ years,1,1,1,,,,,,,,,1,,,,1,,4,,1,,,3,,,2,,A vision to meet the learning needs of all students.,260543008175,56,14.29%,0.00%,0.00%,5.36%,0.00%,7.14%,73.21%,No,Yes,Yes,Yes,Yes,Yes,Yes,Yes,Yes,Yes,Yes,Yes,Yes,Yes,0.00%,2.76%,1.38%,,–,District,2-No,–,http://www.homeoftheshamrocks.org,Rural,32.14%,,50,50
27,Casco Bay High School,Portland,Maine,Portland Public Schools,No,10 years or more,Not at this time,"We use an array of qualitative and quantitative measures, from traditional ones such as college acceptances and graduation rates to the quality of our student products and presentation. We get extensive survey data from students, staff and parents annually as well.",Yes,Well,,"EL Education, high quality student work, character",Derek Pierce,Principal,piercd@portlandschools.org,,1,1,1,1,5+ years,1,,1,,,,,1,1,,,1,,,,5+ years,5+ years,,,1,,1,1,1,,5+ years,,,,,,1,1,1,,5+ years,1,,1,,,,,,1,1,1,,1,,,,1,,1,,,,,,,,,,1,1,,1,1,1,,1,,,,,,1,,,,,,,,1,2,,,,,,3,,,,230993000603,390,23.59%,,,2.82%,4.87%,4.62%,64.10%,No,No,No,No,No,No,No,No,No,No,Yes,Yes,Yes,Yes,0.00%,14.51%,15.03%,14.51%,1-Yes,District,2-No,99,,Urban,45.13%,92.00%,,
41,CodeRVA Regional High School,Richmond,Virginia,CodeRVA Regional High School,No,1-3 years,Yes,"We use Multi-Tiered System of Supports (MTSS) to monitor student progress, and we have a list of data that we are using to develop baseline metrics for our future Strategic Plan/annual School Improvement Plan.",Yes,Very well,,We provide immersive internships (held at our school site) for all 11th and 12th grade students.,Kume Goranson,Executive Director,kume.goranson@coderva.org,3-4 years,,1-2 years,,1,,1,,,,,1,1,1-2 years,,,,,1,,,,1,1,,1,,1,,,,,,1,,1,,1,,1,1,,,1,,1,1,,1-2 years,,1,3-4 years,1,,1,,1,,,,1,1,1,,,1,,,,1,,,,,,1,,,,,1,,,,,,1,,,,,1,,,,,,,2,,,,510025603031,0,,,,,,,,No,No,No,No,No,No,No,No,No,No,No,No,No,No,,,,,†,District,2-No,–,,Urban,,,,
48,Conservatory Lab Charter School,Dorchester,Massachusetts,none provided,No,4-6 years,Yes,Student performance,Not quite yet,,Well,,Allida Warn,Development Coordintor,awarn@conservatorylab.org,1,5+ years,1,,,1,5+ years,1,,,1,,1,,,1,,1,,,,,,1,,1,,1,,,,,,1,1,1,1,1,1,,,,1,,,,,,,,,,,,,,,,1,,,,1,,1-2 years,1,,,,1,1,1,1-2 years,1,3-4 years,1,1,1,,,,1,1,1,,,1,,,,,,,,,,2,1,,,,,250006001439,441,48.75%,,,2.49%,3.17%,40.82%,4.76%,Yes,Yes,Yes,Yes,Yes,Yes,Yes,Yes,Yes,Yes,No,No,No,No,2.75%,1.83%,20.82%,,1-Yes,Charter,2-No,215,http://www.conservatorylab.org,Urban,,,41.16666667,30.41666667
53,DC Bilingual Public Charter School,Washington,District of Columbia,none provided,No,4-6 years,Not at this time,Our ability to meet our school-wide goals.,Yes,Well,"Sure, happy to talk more about them!","Food and Wellness Model School, Sustainable Schools Model, Green Ribbon School",Daniela Anello,Head of School,danello@dcbilingual.org,,,5+ years,1,Less than a year,,1,5+ years,1,1,,,1,1,1,1,1,1,5+ years,,1,1,1,1,,1,,1,1,1,,1,1,1,,,1,1,1,,1,,1,1,1,1,,,,,,,,1,,,1,,,1,1,1,1,1,1,1,,,,1,1,1,1,,,1,1,,1,1,1,1,1,1,5+ years,1,,,,,,,,,,,,,,1,,"The school charter was written with these core elements in mind, these are representative of the school's mission",110004200273,444,20.27%,0.23%,0.23%,2.48%,0.45%,61.71%,14.64%,Yes,Yes,Yes,Yes,Yes,Yes,Yes,No,No,No,No,No,No,No,0.00%,1.46%,54.99%,13.63%,–,Charter,†,117,http://www.dcbilingual.org,Urban,,,35.33333333,32
62,Early Technical College at Tennessee College of Applied Technology,Clarksville,Tennessee,Montgomery County (Clarksville Montgomery County School System),No,1-3 years,Not at this time,Student attainment of industry credentials Student on-time graduation Student continuation into adult TCAT programs Student job placement into associated fields,Not quite yet,,Very well,,Dr. Dayna Paine,Director of Career and Technical Education,dayna.paine@cmcss.net,3-4 years,3-4 years,,1,,1,,1,1,,,1,,1,,,,,,,1,1,,1,,1,,,1,1,,1,,1,1,1,,1,,1,1,1,1,,,1,1,,1,3-4 years,1,3-4 years,1,1,1,1,,,1,1,1,1,1,,1,1,,1,,,,1,1,1,1,1,1,,,1,1,1,1,,,3-4 years,1,1,,,,1,2,3,,,,4,,,,,,,,,,,,,,,,,,,,,,,,,,,,,,,,,,,,,,,,,
65,Elmer G Bondy Intermediate,Pasadena,Texas,Pasadena ISD,No,4-6 years,Yes,"Success is measured from a variety of measures including student and staff efficacy, the performance of teachers and students, willingness to act outside the box, desires to bring in new initiatives",Yes,Very well,Fully virtual and fully face-to-face classrooms during COVID-19.,,Roneka Lee,Principal,RLee@pasadenaisd.org,1,3-4 years,1,1,1,3-4 years,1-2 years,1,1,1,1,1,1,1,1,,1,1,1,,1,1,1,1,1,1,,1,1,,,1,1,1,1,1,1,1,1,1,1,1,1,1,1,1,,1,1,,,,1,3-4 years,,1,1,1,1,1,1,1-2 years,1,1,1,1,1,,,1,1,,1,1,1,1,1,1,,,1,,1,1,,,1,1,,1,,2,,1,,3,,,,,,,483432004691,942,3.82%,0.32%,0.11%,0.42%,6.26%,77.92%,11.15%,No,No,No,No,No,No,No,No,Yes,Yes,No,No,No,No,26.85%,10.97%,13.90%,10.87%,1-Yes,District,2-No,–,,Suburban,72.72%,,56,52.5
66,"Ember Charter School for Mindful Education, Innovation, and Transformation",Brooklyn,New York,16,Yes,10 years or more,Yes,Human Development,Yes,Well,,"innovative, Teacher Lead",Rafiq Kalam Id-Din,Founder and Managing Partner (He is the school leader and a full time HS Teacher),Rafiq@EmberCS.org,1,5+ years,5+ years,1,1,5+ years,5+ years,1,1,1,1,1,1,1,1,1,1,1,1,5+ years,1,1,1,1,1,1,1,1,1,1,1,1,1,1,1,1,1,1,1,1,1,1,1,1,1,1,,1,1,,,,,1,1,1,,,1,1,,1,1,1,1,1,,,,1,1,1,1,1,1,1,,1,1,1,1,1,1,1,1,1,1,1,1,,1,3,4,,,,,5,2,1,,,360104806255,523,80.88%,0.00%,0.38%,0.38%,0.38%,17.78%,0.19%,No,Yes,Yes,Yes,Yes,Yes,Yes,Yes,Yes,Yes,No,No,No,No,0.00%,0.00%,0.00%,14.70%,1-Yes,Charter,2-No,–,http://www.tfoaprofessionalprep.org,Urban,79.16%,,,
78,Francis W. Parker Charter Essential School,Devens,Massachusetts,none provided,No,7-9 years,Yes,"Broadly, we hold ourselves accountable to students' potential; we ask, ""Have we done everything we possibly can regarding student learning and well-being to create the conditions for students' success?"" Our Criteria for Excellence are the skills in which all coursework is rooted. Across and within disciplines, every course is working to strengthen students' skills in these areas; we believe all students can reach mastery in these skills. We look often and closely at qualitative data; ""looking at student work"" protocols offer windows into student strengths, needs, as well as educator instructional adjustments.",Yes,Very well,"Robust educator collaborative planning time. There was not a place for this in earlier questions. It is an absolute key feature since Parker opened, and has served us incredibly well through covid. Educator collaboration = a shared load. Students receive more engaging, inventive, and essential lessons when adults collaborate. We have an effective and clear system for how this works. It is well received by faculty, and is THE absolute key to providing strong work for students.","Our school is operating on Remote Plus. Academic classes are largely remote, but social-emotional time is in-person once a week (in addition to remote Advisory every day). Students come to campus for outdoor Advisory activities; as well, many science labs are happening on campus, outside or in open-windowed class spaces. We made a fire-pit in the back grounds of the school campus; Advisors sign-up for it and invite their Advisees to a bonfire with all supplies and s'mores provided by the school. We also have outdoor movie evenings. We have invested in student well-being, while understanding we can offer a more collaborative learning environment remotely. We can live up to our Ten Common Principles better remotely, and contribute to student well-being both remotely and in-person.",Colleen L. Meaney,"Director, Sizer Teachers' Center @ the Parker School",cmeaney@theparkerschool.org,1,1,1,1,1,5+ years,1,1,1,,1,,1,1,1,1,1,1,1,,1,1,1,1,1,1,1,1,1,1,,1,1,1,1,1,1,1,1,1,1,1,1,1,1,1,,1,,,1,,5+ years,1,1,1,1,,,,1,1,1,,1,1,,,,5+ years,1,1,1,5+ years,5+ years,1,1,1,,1,,1,1,1,1,1,1,1,,,1,2,,,,,,,,3,1,"We were founded by Ted Sizer, Dean of the School of Education at Harvard, together with a handful of community members. The school has been research-based since its inception 26 years ago. Heterogeneous interdisciplinary learning in multi-age classrooms from 7-12 grade were foundational elements of the school from the beginning. Robust teacher collaboration time is another feature of the school's success with all learners.",250003800581,393,1.02%,,,5.09%,1.78%,2.29%,89.82%,No,No,No,No,No,No,No,No,Yes,Yes,Yes,Yes,Yes,Yes,0.99%,15.02%,0.00%,14.53%,–,Charter,2-No,28,http://www.theparkerschool.org,Suburban,,92.00%,62,59.5
81,Future Public School,Boise,Idaho,Future Public School,No,1-3 years,Yes,"Staff, family, student surveys, academic data, SEL data, portfolio comparisons from funding streams (CSGF, NSVF, etc.)",Yes,Well,,,Amanda Cox,Executive Director,amanda@futurepublicschool.org,1-2 years,,1,,1-2 years,,1-2 years,1-2 years,1-2 years,,,,1,1,1,1,,1,,,,1,1,1,,1,1,,1,,,1,1,1,1,1,1,1,,,,,,1,,1,,,,,,,,1,,1,,,1,,1,1,1,,1,1,,,,,1,1,1,,,1,1,,,1,1,1,1,1,,1,1,,,,,,,,,,,2,3,1,,,160018101100,240,8.33%,0.00%,0.00%,6.25%,7.50%,16.67%,61.25%,No,Yes,Yes,Yes,Yes,No,No,No,No,No,No,No,No,No,,,,,2-No,Charter,2-No,–,,Suburban,7.08%,,,
88,Grimmway Academy Shafter,Shafter,California,Grimmway Schools,No,Less than a year,Yes,"Student attendance and participation, adaptive program usage, and learning target (individual learning plan) growth.",Yes,Very well,,,Mrs. Brook Webb,Principal,bwebb@grimmwayschools.org,Less than a year,1,,1,,1,1-2 years,1,1,,,,,1,1,1,1,1,,,,1,,1,,1,3-4 years,,1,,,,,1,,1,,1,1,1,,1,1,,,1,,,,,,,,,,,,,1,1,1,1,1,,1,1,,,1,1,1,,,1,1,1,1,,,,,3-4 years,1,1,,1,1,,,,,,,,,,,1,,,,,069101212948,,,,,,,,,,,,,,,,,,,,,,,0.29%,1.32%,42.88%,9.10%,,,,,,,,,34.5,30.33333333
93,Highfalls Elementary School,Bennett,North Carolina,Moore County,No,7-9 years,Not at this time,Student Data Growth Observation of Growth in Confidence of Students with Leadership Abilities Teachers: Growth with Instructional Practices: Designers not Planners (Professional Growth Plan Artifacts),Yes,Individual Student Digital Profiles with Goal Setting for Standard Mastery being developed to address the learning path for each student post-Covid.,Very well,,Dyan Pope,Principal,dpope@ncmcs.org,1,1,1,1,,,1,1,1,1,,,1,,3-4 years,1,1,1,1,1,,1,1,1,1,1,1,1,,1,,1,,5+ years,1,1,1,1,1,,,,1,5+ years,,,1,,,,,,,,,,1,5+ years,,,1,1,1,,1,1,1,,,1,1,,1,,3-4 years,1,1,1,,1,1,1,1,,,,1,1,,,,1,,,,,,,,,2,Title I Rural School with Limited Resources: Enhanced and Targeted Core Capacity,370309001319,250,1.60%,0.00%,0.00%,1.60%,0.40%,7.20%,89.20%,No,Yes,Yes,Yes,Yes,Yes,Yes,Yes,Yes,Yes,No,No,No,No,0.73%,42.49%,0.73%,13.92%,1-Yes,District,2-No,–,http://www.ncmcs.org/hfes,Rural,38.40%,,54.58333333,59.58333333
97,Horizons Alternative Education School,Mohawk,Michigan,"Public Schools of Calumet, Laurium & Keweenaw",No,4-6 years,Yes,"Student participation: Attendance rates, class completion rates, discipline rates, surveys",Yes,Very well,,Our model is called the Student Centered Learning Model that we are developing had have developed over the years.,Joel Asiala,Principal,joasiala@clkschools.org,,1,3-4 years,1,,1,3-4 years,,1,1,,,,,,3-4 years,1,1,,3-4 years,,1,,1,,1,,,,1,1,,,,,,,1,1-2 years,1,1,,,,,,1,,,,,,,,1,,1,1,1,,1,,1,,1,1,1,,,,,,,,1,1,1,,,,,,1,,,,1,,,1,,,,,,,,,,,1,It is what is best for our student population,260769001863,66,0.00%,0.00%,0.00%,3.03%,0.00%,1.52%,95.45%,No,No,No,No,No,No,No,No,No,No,Yes,Yes,Yes,Yes,0.00%,74.55%,0.00%,30.91%,–,District,2-No,–,http://www.clkschools.org,Rural,78.79%,69.50%,,
101,Impact | Puget Sound Elementary,Tukwila,Wa,Impact Public Schools,No,1-3 years,Yes,"Success is measured through a multi-faceted approach to data that examines student achievement not only through academic mastery data points, but through student/family satisfaction, SEL metrics, school culture metrics, teacher satisfaction/retention and community feedback.",Yes,Well,,,Jen D. Wickens,CEO,jwickens@impactps.org,1,,1,1,Less than a year,3-4 years,3-4 years,1,1,,1,,3-4 years,1,1,1,1,,,,1,1,1,1,,1,1,1,1,1,1,1,,1,1,,,,,1,,1,1,1,,,,,,,,,,3-4 years,,,1,,,,1,1,1,,1,1,,,,1,1,,1,1,1,1,1,1,1,1,,1,,1,,,1,,,,,2,,,,,,3,,1,,,530034503653,179,51.40%,0.00%,0.00%,5.59%,7.26%,17.32%,18.44%,No,Yes,Yes,Yes,Yes,Yes,Yes,No,No,No,No,No,No,No,,,,,1-Yes,Charter,2-No,–,,Suburban,64.80%,,,
120,Magnolia Montessori For All,Austin,Texas,Montessori For All,No,7-9 years,Yes,"Children Learning and Growing: Academically & Intellectually Children Learning and Growing: Socially, Emotionally & Physically Staff Effectiveness, Ownership & Retention Families as Partners Organizational Effectiveness Anti-Bias, Anti-Racism",Not quite yet,Well,No,"the intentional, sequential use of materials",Brigid Pena,Director of Systems & Operational Support,bpena@montessoriforall.org,1,1,1,5+ years,1,1,1,,,,1,,1,,1,5+ years,1,1,,1,1,1,5+ years,,,1,,1,,1,,1,1,1,1,,,,,,5+ years,,1,,,,,,,,,,1,1,5+ years,1,,,1,1,1,,,,1,1,,1,,,1,,,1,,1,1,,,,,,,,,,,1,,,,1,,3,,,,,,2,,help the world dismantle a domination model and move toward a partnership model,480144212915,457,9.63%,0.00%,0.00%,4.60%,1.97%,48.58%,35.23%,Yes,Yes,Yes,Yes,Yes,Yes,Yes,Yes,No,No,No,No,No,No,0.00%,0.00%,26.11%,8.36%,1-Yes,Charter,2-No,–,,Urban,43.98%,,49.5,37
124,Meadows Valley School PK-12,New Meadows,Idaho,Meadows Valley School District,No,1-3 years,Not at this time,"Surveys, student growth, and changes in culture.",Yes,Well,no,Flexible to meet our families needs.,,,,1,5+ years,,,,1,1,1,,,1,,,1,1,1,,,,,,1,,1,,1,1,3-4 years,,1,,,,5+ years,,,,5+ years,,1,,1,1,1,,,,,,,1,,,1,,,,1,1,,,,,3-4 years,,1,1,,,1,,,,,,1,1,1,,1,,1,,,,,,,,,,,,2,,,1,,,,,,160206000826,161,0.62%,0.00%,1.24%,1.24%,0.62%,11.80%,84.47%,Yes,Yes,Yes,Yes,Yes,Yes,Yes,Yes,Yes,Yes,Yes,Yes,Yes,Yes,0.00%,11.59%,4.27%,15.85%,1-Yes,District,2-No,22,,Rural,38.51%,50.00%,43.33333333,41.66666667
128,Mill Creek Middle School,Dexter,Michigan,Dexter Community School District,Yes,10 years or more,Yes,"Student Data, surveys, feedback, community family input, teacher survey/input",Yes,Well,,,Jami Bronson,Principal,bronsonj@dexterschools.org,1,5+ years,3-4 years,,1,3-4 years,5+ years,1,1,1,1,,1,1,1,1,1,1,,1,1,1,1,1,1,1,,1,1,1,,1,1,1,,1,,1,1,1,1,1,1,,1,1,,1,,,,,,3-4 years,,1,1,,1,1,1,1,1,,1,1,1,,1,1,,1,,1,1,1,1,1,,,1,,1,,,,,1,,1,,1,,,,,,,,,,,261203000738,559,0.89%,0.18%,0.54%,3.22%,0.54%,3.22%,91.41%,No,No,No,No,No,No,No,No,Yes,Yes,No,No,No,No,4.16%,8.15%,0.69%,12.31%,–,District,2-No,–,http://www.dexterschools.org,Suburban,10.38%,,74,66.5
132,Mission Vista High School,Oceanside,California,Vista Unified School District,No,1-3 years,Yes,"College/career readiness indicators (A-G, CTE Completers, etc.), capstone course enrollment and projects, AP Exam participation and pass rates, Grade performance data, teacher efficacy with innovative approaches (i.e., Personalized Learning and mastery-based grading), School Climate survey data, Parent engagement data, pathway completion statistics, general culture of the school and tenor on campus.",Not quite yet,Our capstone course is a culmination of all of the innovative practices we are trying to implement on campus. It is unique and completely student-driven.,Well,,Jeremy Walden,Principal,jeremywalden@vistausd.org,1,1,1,1,,5+ years,1,1,1,1,,1,1,1,,1-2 years,1,1,1,1,1,1,,3-4 years,1,1,,,5+ years,1,,1,,1,,1,,1,,1,,,1,1,1,1,,,1,,1,,1,,,1,,,1,,1,1,1,,,1,,,,,,,,3-4 years,1,1,,1,,1,1,1,1,1,,,1,1,,,,1,,2,,,,,,,,A desire to make learning relevant for our students.,064119012341,1693,1.71%,0.77%,0.30%,5.26%,9.33%,33.43%,49.20%,No,No,No,No,No,No,No,No,No,No,Yes,Yes,Yes,Yes,0.13%,7.06%,1.21%,6.04%,–,District,1-Yes,265,http://www.mvhs.vistausd.org,Suburban,27.17%,99.00%,,
153,Park View Elementary,Mooresville,North Carolina,Mooresville Graded School District,No,1-3 years,Not at this time,"Student data, teacher input, parent/community input",Not quite yet,Very well,,,Dr. Misha N. Rogers,Principal,mrogers@mgsd.k12.nc.us,Less than a year,,,,,,1-2 years,1,1-2 years,,,,,,,1,1,1,,,,,,Less than a year,,1,,,,,,1,,,1,,,,,1,,1,,,,,,,,,,,,1,,,,,1,Less than a year,1,1,1,,1,1,,,1,,,,1,1,1,1,1,,,,,1,1,,,,,,,,,,,,,,,1,,,,,370312001335,621,22.38%,0.00%,1.13%,10.31%,0.48%,9.66%,56.04%,No,Yes,Yes,Yes,Yes,No,No,No,No,No,No,No,No,No,3.39%,9.72%,9.87%,8.69%,1-Yes,District,2-No,–,http://www.mgsd.k12.nc.us/page.cfm?p=2489,Suburban,47.18%,,57,72
156,Pea Ridge Primary/Intermediate,Pea Ridge,Arkansas,Pea Ridge School District,No,1-3 years,Not at this time,By the learners we produce.,Not quite yet,,Well,,,,,1-2 years,3-4 years,,,1,,1-2 years,,,,,,,,1,,1,1,,,,,,1-2 years,,1,,,1,,,,,,,,,,,1,,,,,,1,,,,,,,,,,,,,1,,1,,1,,1,1,,,,3-4 years,,1,,1,1,1,,,,,,1,1,,,,,,,,,1,,,,,,,,,,,050303000071,477,1.68%,,1.47%,1.89%,1.05%,8.39%,85.53%,No,No,No,No,Yes,Yes,Yes,No,No,No,No,No,No,No,9.53%,0.44%,2.22%,11.09%,1-Yes,District,2-No,61,http://www.prs.k12.ar.us,Suburban,41.51%,,48.66666667,63.66666667
176,Sanborn Regional High School,Kingston,New Hampshire,Sanborn Regional School District,No,10 years or more,Not at this time,"We have a multi-point data tracking system that we use backed by our school board known as our ""Student Success Data""",Yes,Very well,,,Brian M. Stack,Principal,bstack@sau17.net,1,5+ years,,1,1,1,1,,,,,1,,1,5+ years,,,5+ years,,,1,1,1,1,,,,,,1,1,5+ years,,1,,1,1,,1,1,,1,,,1,,,,1,1,1,1,1,,,,,,1,,,,1,,,,,,,,,,,5+ years,1,1,,,,,,,,1,,,,,,,,3,,1,,,2,,,,,,330608000479,670,1.64%,0.15%,0.45%,0.60%,0.90%,2.54%,93.73%,No,No,No,No,No,No,No,No,No,No,Yes,Yes,Yes,Yes,6.38%,19.15%,0.28%,13.48%,2-No,District,2-No,–,https://www.sau17.org/1/home,Suburban,11.04%,92.00%,,
178,Science and Math Institute,Tacoma,Washington,Tacoma Public Schools,No,10 years or more,Yes,If students love their community (our SAMily) and can articulate their curiosities and passions (goal setting and reflection) and utilize opportunities after high school (post high planning) to explore these curiosities and passions (do they have options?) and can come back to us and say SAMi helped them find their way to another community to love.,Yes,Not very well,"whole school projects, not just classroom projects - we are raising salmon with the Puyallup Tribe and this project is capturing the curiosity of Life Science students and Physical Science students.",,Liz Minks,Co-Director,lminks@tacoma.k12.wa.us,,1,1,1,1,5+ years,5+ years,1,1,,1,1,1,1,3-4 years,1,1,1,1,,1,1,,1,,1,1,,1,1,1,1,1,1,,,,1,1,1,,1,5+ years,1,1,1,,1,1,1,1,1,1,1,1,1,1,,,,1,1,1,5+ years,1,1,,,,,1,1,,1,1,1,1,1,,,,1,1,1,,,,,,,,5,,2,3,,,,,4,1,Lack of high quality opportunities and access to community resources,530870003286,532,10.71%,0.38%,0.38%,5.64%,11.65%,11.84%,59.40%,No,No,No,No,No,No,No,No,No,No,Yes,Yes,Yes,Yes,0.00%,48.87%,0.82%,10.27%,–,District,1-Yes,90,,Urban,37.59%,95.00%,,
194,St. Alphonsus Catholic School,Brooklyn Center,Minnesota,Archdiocese of St. Paul and Minneapolis,No,7-9 years,Yes,"Data from Test (NWEA) as well as Blended Learning models (Lexia, IReady, Imagine Math, etc)",Yes,Very well,"We are excited to share that our school did not experience an overall COVID slide from the spring of 2020 to the fall of 2020. We had a few students who went backwards, however not the extent that wan anticipated. Most of our students stayed on track for growth.",,Kari Ann Staples,Principal,staplesk@mystals.org,3-4 years,,,,,,5+ years,,,,,,,,,,,1,1,,,,,1,,1,1,,,,1,,,3-4 years,1,1,,1,,,1,,1,,,,,,,,,,,,,,,5+ years,,,,,,,,,,,,,,,1,,1-2 years,,,,,,,1,,,,,,,,,,2,1,,,3,,,,,,,699844,,,,,,,,,,,,,,,,,,,,,,,,,,,,,,,,,,,,
198,Stuttgart Junior High School,Stuttgart,Arkansas,Stuttgart School District,No,4-6 years,Yes,"Diagnostic Assessments, surveys",Not quite yet,Well,"PBIS- Positive Reinforcement, advisory time and student success plans",,Sarah Strabala,Library Media Specialist,sstrabala@stuttgartschools.org,1-2 years,1,1,1,,1,3-4 years,1,1,,,1,1,1,1,1,1,1,1,,,,,1,,1,,,1,1,1,,,1,,1,1,1,,,1,3-4 years,1,,1,,,1,,,1,,1,,1,1,,,1,1,Less than a year,,1,,,1,,,1,1,,1,1,1,1,,1,,1,,3-4 years,1,1,,,1,,,,,1,3,1,,,,,2,,,,,051296001249,231,38.10%,,,2.16%,1.73%,5.19%,52.81%,No,No,No,No,No,No,No,No,Yes,Yes,No,No,No,No,34.55%,9.09%,2.55%,10.55%,1-Yes,District,2-No,72,http://stuttgartschools.org#stuttgartschools.org/#,Rural,100.00%,,32,47
201,Taos Academy Charter School,Taos,New Mexico,none provided,No,10 years or more,Yes,"Successful completion of courses and participation in live teaching opportunities. Engagement, engagement engagement, is key to student success especially during COVID.",Yes,Well,"Drive thru celebrations have proven to be a way to connect in person during COVID. This practice proved to be highly engaging for teachers, students and families. Participation was very high and allowed everyone a safe way to celebrate together.",Small pods of high risk students receiving personalized tutoring and SEL support on campus.,Traci Filiss,Executive Director,tfiliss@taosacademy.org,1,1,1,1,,1,1,1,5+ years,1,1,1,,1,1,1,1,1,5+ years,1,1,1,,1,,1,1,1,1,1,,,5+ years,1,,,,1,,1,1,1,1,,5+ years,1,,1,1,1,1,1,1,5+ years,1,1,1,,1,1,1,1,1,,,1,1,1,1,1,,1,,1,1,1,,1,,,1,1,1,,,1,,,,,,2,,,,,,,,,1,COVID,350011801055,215,2.33%,0.00%,3.72%,0.00%,1.86%,47.44%,44.65%,No,No,No,No,No,No,Yes,Yes,Yes,Yes,Yes,Yes,Yes,Yes,2.64%,4.85%,0.00%,12.78%,1-Yes,Charter,2-No,–,http://taosacademyonline.org/,Rural,56.28%,80.00%,,39.75
206,The Young Women's Leadership School of Astoria,Queens,New York,New York City Department of Education,No,1-3 years,Yes,"Each aspect of our school's current model (e.g. mastery, equity, etc..) has a team comprised of teachers, parents/caretakers, admin and/or students that have specific goals, markers or deliverables that are regularly assessed and, if necessary, re-evaluated. For our students, our measure of success is for each student to achieve mastery of the skills or ""outcome targets"" for each of their courses.",Yes,Very well,Not at this time,,Allison Persad,Principal,greg@tywls-astoria.org,1,5+ years,1-2 years,1,1-2 years,5+ years,1,1,,,,1,1-2 years,,1,,1,,,1,1,1,1,1,1,,1,1,1,1,,1,,1,,,,1,1,1,1,1,1,,,,,,,,,,,,,,1,,,,1,,1,,,1,,,,,1,1,,1,1,1,1,1,1,,,1,1,1,,,,1,,,,1,,2,,,,,,3,,,360010205948,580,7.76%,1.03%,1.03%,0.34%,32.41%,40.34%,17.07%,No,No,No,No,No,No,No,Yes,Yes,Yes,Yes,Yes,Yes,Yes,0.36%,13.55%,3.57%,,1-Yes,District,2-No,–,,Urban,78.97%,95.00%,75.33333333,43.66666667
215,Valor Flagship Academy,Nashville,Tennessee,Valor Collegiate,No,4-6 years,Not at this time,Annual priorities and goals set and dashboards that track our progress,Not quite yet,Well,NA,,Lucie Rhoads,Director of Development & Strategic Initiatives,lrhoads@valorcollegiate.org,,5+ years,5+ years,1,5+ years,,5+ years,1,1,,1,,1,,1,1,1,1,,1,,,1,,,1,1,1,,,,1,,1,1,,,1,1,1,,1,1,,,,,,,,,,,5+ years,,,1,,,,1,1,1,,1,1,,,,1,1,,1,1,,1,1,,,1,,1,,,,,,1,,,,4,3,,,,,,1,2,,,470318002423,734,14.03%,0.14%,,1.23%,5.59%,18.39%,60.63%,No,No,No,No,No,No,Yes,Yes,Yes,Yes,Yes,No,No,No,0.00%,5.56%,12.59%,6.30%,1-Yes,Charter,2-No,225,http://valorcollegiate.org/,Urban,,,67,77
228,William Smith High School,Aurora,Colorado,Aurora Public Schools,No,1-3 years,Yes,"Attendance rates Graduation rates Behavior data Mid-year and end of year passages Staff, student, and family surveys Daily formative assessments Observations and reflections with staff and students Expeditionary Learning Yearly Implementation Review School wide standards map Traditional assessments and growth monitoring (interims, state testing, grades, diagnostic testing)",Yes,Yes,Very well,,Kristin Wiedmaier,Principal,kewiedmaier@aurorak12.org,,1,1,1,1,1,1,1,,,,1,1,1,1,1,,,,,1,1,1,1,5+ years,1,,1,1,1,,1,,,,,,1,1,3-4 years,1,5+ years,1,1,,1,,1,,,,,1,,1,,,,1,1,1,1,1,,,1,,1,,1,,,,3-4 years,1,1,1,,,5+ years,1,,1,1,,,,,,,,3,2,,,,4,,,1,,,80234000084,,,,,,,,,,,,,,,,,,,,,,,0.00%,20.25%,25.55%,9.03%,,,,,,,,,,
240,Aspen Valley Prep Academy,Fresno,California,Aspen Valley Prep Academy,Yes,4-6 years,Yes,"We measure our success based on the success and development of our students. The standardized testing as well as competency-based interim assessments help provide measures that indicate student academic growth. The mentoring data and cognitive skills growth help to measure social, emotional and development of agency in our students.",Yes,Well,,Personalized and intentional,Nicole Rivera,Site Director,Nicole.rivera@aspenps.org,1,5+ years,,,1,1,1,1,1,,,,,1,1,1,,1,1,,,,,1,1,1,1,,,,,,,1,,1,,1,1,,5+ years,1,1,,,,,,,,,,,5+ years,,1,1,,,,1,1,1,,1,1,,,,,1,,,5+ years,1,1-2 years,1,1,,,,1,1,,,,,1,,,,1,2,,,,,,,3,,,060171410775,427,12.88%,,0.47%,3.28%,3.75%,66.04%,13.58%,No,Yes,Yes,Yes,Yes,Yes,Yes,Yes,Yes,Yes,No,No,No,No,,,,,1-Yes,Charter,2-No,215,,Urban,67.68%,,,
242,Benjamin Banneker Charter Public School,Cambridge,Massachusetts,Benjamin Banneker Charter Public School,No,10 years or more,Yes,We do good work. But we will never be satisfied- so I would say we are well on our way on the journey from good to great!,Yes,Very well,,Your descriptions were on point.,Sherley E. Bretous,Executive Director,sbretous@banneker.org,1,,,,,,Less than a year,,,,1,,1,,,,,1,1,,,,,,,,,,,,,,1,,,,,,,,,,,,,,,,,,,,,,,,1,1,Less than a year,1,1,1,1,,,5+ years,1,,,1,,,,,,1-2 years,1,,,,,,,,,,,,Less than a year,1,,1,,,,,,2,,3,,,250002200514,354,83.33%,0.56%,0.28%,1.98%,0.85%,11.02%,1.98%,Yes,Yes,Yes,Yes,Yes,Yes,Yes,Yes,No,No,No,No,No,No,5.49%,18.79%,3.76%,11.85%,1-Yes,Charter,2-No,161,http://www.banneker.org,Urban,,,67,64.5
251,City of Bridges High School,Pittsburgh,Pennsylvania,tuition-based,No,1-3 years,Yes,"City of Bridges measures success in multiple ways, academic and non-academic. Each of our students explores their possible futures and their success is personalized as well. Ultimately the purpose of high school is to help young people prepare for the life after high school and if our students graduate with the knowledge, skills, understanding and agency to follow the paths that they desire then we have been successful.",Yes,Well,,Learner Centered,Randall Bartlett,Head of School/Founder,randy@cityofbridgeshighschool.org,1,1-2 years,1,1,1,1,1,,1,1,1,1,1,1,1,1,,1,1,1-2 years,1,1-2 years,1,1,1-2 years,1,1,1,1,1-2 years,,1,1,,1,,,,1,,1,1,1,1,1,,,,1,,,,1,1,1,1,,1,1,1,1,,,1,,1,1,,,,1,,,1,1,1,,,,1,1,,1,,,,,,,1,,4,6,2,3,,,,5,7,1,City of Bridges was founded in 2019 to be a learner centered school,,,,,,,,,,,,,,,,,,,,,,,,,,,,,,,,,,,,,
281,Health Leadership High School,Albuquerque,New Mexico,Stand-alone charter authorized by Albuquerque Public Schools,No,1-3 years,Yes,"The success of Health Leadership High School's model is measured by student outcomes. Every student is provided individualized supports that meet their needs. Opportunities to have access to dual credit programming as well as certifications, allow students to develop strong resumes that support post secondary opportunities. Through experiential and project-based learning, students develop as deep and complex thinkers to have a broad understanding of the determinants of improving healthier communities.",Yes,,Well,Project Based Learning Model focused on Health Sector,Carolina Quinones-Suarez,Director of Community Engagement,Carolina@healthleadershiphighschool.org,1,1,1,1,1,5+ years,5+ years,1,,1,1,1,1,1,5+ years,1,1,1,1,1,1,1,1,1,1,1,1,1,5+ years,1,1,1,1,1,1,1,,1,1,1,1,1,1,1,1,,1,1,1,1,1,1,1,1,1,1,,,1,1,1,1,1,1,1,1,,1,1,1,1,1,,1,1,1,1,1,1,1,1,1,1,1,3-4 years,1,1,1,,,1,1,,3,,,,,2,,,,350006001098,229,3.49%,0.44%,2.18%,,,89.52%,4.37%,No,No,No,No,No,No,No,No,No,No,Yes,Yes,Yes,Yes,,,,,1-Yes,Charter,2-No,88,http://healthleadershiphighschool.org,Urban,100.00%,,,
294,John J. Cairns High School,Lindsay,California,Lindsay Unified School District,No,10 years or more,Yes,We have been very successful in our implementation.,Yes,Very well,,student centered,Dennis Doane,Principal,ddoane@lindsay.k12.ca.us,,5+ years,,,,1,1,,,,1,1,,1,,1,1,,,,,,,1,1,,1,,3-4 years,,,,,1,1,,,5+ years,,,1,3-4 years,1,,,,,,1,,,,,1,,,,,1,,1,,1,,,,,,,3-4 years,,,1,1,,1,,,,,1,,,,,,,,,,,1,3,,,,,2,,,,,062187005524,66,0.00%,0.00%,0.00%,1.52%,0.00%,95.45%,3.03%,No,No,No,No,No,No,No,No,No,No,Yes,Yes,Yes,Yes,11.43%,57.14%,57.14%,,1-Yes,District,2-No,50,http://www.lindsay.k12.ca.us/john%20j%20cairns/,Rural,93.94%,74.50%,,
309,Met Sacramento High School,Sacramento,California,Sacramento City Unified School District,No,4-6 years,Yes,We are still trying to develop this.,Not quite yet,Well,,,Denise Lambert,Principal,Denise-lambert@metsacramento.org,,,,,,1,1,,1,5+ years,,1,,,1,1,,,,,1,,,,,,,5+ years,,5+ years,,,,,,1,,,,,,5+ years,,,,,,,,,,1,,,,,1-2 years,,,,,,,,,,,,,,,,,,,,,,,,,,,,,,,,,,,1,,,,,,,,,,,063384011194,275,9.82%,0.36%,0.36%,8.73%,4.00%,41.82%,34.91%,No,No,No,No,No,No,No,No,No,No,Yes,Yes,Yes,Yes,0.00%,5.57%,2.30%,9.51%,1-Yes,Charter,2-No,75,,Urban,59.64%,92.00%,,
347,San Francisco Day School,San Francisco,California,Independent,No,4-6 years,Yes,"Admissions, HS placement, ERB scores, SSAT scores, surveys",Yes,Well,,Dual delivery,Michael Walker,Head of School,mwalker@sfday.org,1,,1,1,5+ years,1,1,1,1,,,1,1,,1,1-2 years,1,1,1,,,3-4 years,1,,,1,1,1,1,1,1,,1,,,1,,,,1,,,1,,1,,1,,,,,,,,,,,,1,1,1,1,1,,1,1,,,1,,5+ years,,,,1,1,1,1,,1,1,,1,5+ years,1,1,,,,,,1,,,,,,,,,,Culture of constantly improving practice,A9101311,400,5.25%,0.00%,0.25%,20.50%,10.25%,5.75%,58.00%,,,,,,,,,,,,,,,,,,,,Independent,,,,Urban,,,,
380,Southeast Area Technical High School (SEA-TECH),Castle Hayne,North Carolina,New Hanover County Schools,No,4-6 years,Yes,"Climate surveys, credentials earned, graduation rate, employment rate.",Yes,Very well,,,Edith Skipper,Principal,edith.skipper@nhcs.net,1,1,1,1,1,3-4 years,3-4 years,,1,1,1,3-4 years,3-4 years,1,1,1,1,1,1,1,1,1,1,1,,1,1,1,,,1,,1,1,,1,,1,,1,,1,,1,1,,1,1,1,1,1,1,1,,1,1,,,1,1,1,1,1,1,,1,,,1,,,,1,,1,1,1,,1,,1-2 years,,,1,,,,,,,,2,,,,,,,,,1,Making decisions in the best interest of children. Responsive to community needs.,370333003439,82,17.07%,0.00%,0.00%,4.88%,2.44%,14.63%,60.98%,No,No,No,No,No,No,No,No,No,No,Yes,Yes,No,No,,,,,1-Yes,District,2-No,–,http://www.nhcs.net/seatech/,Suburban,58.54%,,,
382,Next STEP High,Lewiston,Maine,Lewiston Public Schools,Yes,1-3 years,Yes,Youth vote with their feet: our attendance & commitment of students who have been historically disengaged in school; Students willing to ask for help; Students getting to graduation; Students finding their passions; Students connecting across lines of difference,Yes,Well,,"Co-created, Youth-Teacher Led, Community-based, Social-Emotional First, Relevant Curriculum",Philip Johnston,Academic & Community Partnerships Co-Lead (shared on a team of 5 staff),pjohnston@lewistonpublicschools.org,,1,3-4 years,1,,1,3-4 years,,,,1,,1,1,3-4 years,1,,1,1,1,1,1,3-4 years,1,1,1,1,,1,1,1,,1,1,,,,1,,1,,1,1,3-4 years,,,,,1,,,,,,1,1,,1,,,1,,,1,,1,,,,,1,,,1,1,1,1,,,1,,,1,1,,1,,,,,,,3,1,,,,,,2,,,,,,,,,,,,,,,,,,,,,,,,,,,,,,,,,,https://docs.google.com/document/d/1zD50NkoSu3Co-_qKchkZfIKg6uhhZ6Gn9rLwkT7gr9o/edit,,,,,
383,Oxford Virtual Academy,Oxford,Michigan,Oxford Community Schools,No,4-6 years,Yes,"Via surveys, enrollment, local and state assessments, reflection, and school improvement process.",Not quite yet,Well,,,Janet Schell,Principal,Janet.Schell@oxfordschools.org,1,,1,,,1,1,,,,,1,,1,1,1,1,1,,,5+ years,1,,1,,1,,1,,1,,,1,1,,1,,,,,1,,,1,1,5+ years,1,1,,,1,,,,1,,1,,3-4 years,,3-4 years,1,,,1,1,1,,,1,,,,1,,5+ years,1,,,,1,,,,,,,,,1,,1,,,,,,,2,,,,262724008274,536,3.17%,0.00%,0.37%,4.66%,1.87%,6.90%,83.02%,No,Yes,Yes,Yes,Yes,Yes,Yes,Yes,Yes,Yes,Yes,Yes,Yes,Yes,0.00%,0.00%,1.52%,8.71%,–,District,2-No,–,http://www.oxfordschools.org,Suburban,21.83%,84.50%,49.75,39.91666667
384,Gull Lake Virtual Partnership,Richland,Michigan,Gull Lake Community Schools,No,4-6 years,Not at this time,"Student outcomes (data based- grades, test scores, college readiness factors), enrollment patterns, parent/student feedback",Yes,Very well,,personalized learning,Bobbi Jo Stoner,Principal,bstoner@gulllakecs.org,1,1,1,,,1,,,,,,1,,5+ years,,,,,,,1,,,,,,,,,,1,,3-4 years,1,,,,,,,1,,,1,1,1,1,1,1,1,1,5+ years,,5+ years,,,,,1,,1,1,,,,1,,,,,,,,,1,1,,,5+ years,,,1,,,,,,,,,,1,3,,,,,,2,,,,261725008242,224,2.68%,0.00%,0.00%,5.80%,1.79%,2.23%,87.50%,No,Yes,Yes,Yes,Yes,Yes,Yes,Yes,Yes,Yes,Yes,Yes,Yes,Yes,0.00%,0.00%,0.00%,,–,District,2-No,–,,Rural,18.75%,74.50%,50,50
388,Frederick County Middle School,Winchester,Virginia,Frederick County Public Schools,No,4-6 years,Yes,Student Surveys (Reflections of Learning) Community Surveys Student and Teachers Body Language,Yes,Well,,Interdisciplinary Teams,Jerry Putt,Principal,puttj@fcpsk12.net,1,1,1,,,3-4 years,1,1,,1,,,1,1,1,1,1,1,1,1,,3-4 years,,1,1,1,1,1,3-4 years,1,1,1,1,,1,1,1,1,,1,1,,1,1,1,1,,1,,,,,1,,,,,,1,,1,1,1,,1,1,,,,,1,,1,1,1,1,,,,3-4 years,3-4 years,1,1,,,1,1,1,,,,3,,1,,,,,,2,,,510147000649,711,1.83%,0.00%,0.56%,2.53%,0.42%,8.16%,86.50%,No,No,No,No,No,No,No,Yes,Yes,Yes,No,No,No,No,9.45%,16.54%,0.30%,14.48%,–,District,2-No,–,http://www.frederick.k12.va.us,Rural,32.07%,,77,
389,Central Vermont Career Center,Barre,Vermont,Barre Unified Union School District,Yes,10 years or more,Yes,Through Data and Student Outcomes.,Yes,Very well,,,Penny Chamberlin,Director,pchamcvcc@buusd.org,,3-4 years,,,,1,,,,,,5+ years,,,,,,,,,,,,,,,,1-2 years,5+ years,,,,,1,,,,,1,1,,,,5+ years,,,,1,,1,,,,,,,,1,1,1,,,1,,,1,,,,,,,,,,,1,,,,,,,,,,,,,,,2,,,,,3,,1,,,,500044500119,,,,,,,,,,,,,,,,,,,,,,,,,,,,,,,,,,,,
391,Bellows Free Academy,Fairfax,Vermont,Fairfax School District,No,4-6 years,Yes,"We measure based on multiple criteria. We obviously look at traditional measures like graduation rate and the like, but we look at student progress, relationships, leadership, growth and change. We want students and teachers to understand our mission and vision and know how the work they do interacts with these and impacts the world around them.",Yes,Very well,,,John Tague,High School Principal,jtague@fwsu.org,1,5+ years,,1,1,,5+ years,1,1,,1,1,1,,,1,1,1,1,3-4 years,,1,,1,1,1,,3-4 years,1,1,1,1,1,1,,1,,1,1,1,,1,,5+ years,1,,1,,,1,1,,1,,1,1,,,1,1,1,1,1,,1,1,,,1,,,1,,1,1,1,1,1,,1,,1,1,1,,,,,,,,1,,,,,,,2,3,,,,,,,,,,,,,,,,,,,,,,,,,,,,,,,,,,,,,,,
394,Hazen Union High School,Hardwick,Vermont,Orleans Southwest Supervisory Union,No,Less than a year,Yes,"engagement, right now.",Yes,Well,,Transition,David Perrigo,Principal,dperrigo@ossu.org,1-2 years,1,,,,,1-2 years,,,,,,,1,,,,3-4 years,,,,,,,1,,,,,,1,,,1-2 years,,,,,,,,,,1,,,,,,,,,,,1,,,,1,,1,,,,,1,,,,,,,,,,1,,Less than a year,,1,,,,,,,,,,,,,,1,,,,,,2,,,,,,,,,,,,,,,,,,,,,,,,,,,,,,,,,,,,,,,
395,Missisquoi Valley Union Middle and High School,Swanton,Vermont,Missisquoi Valley School District,No,4-6 years,Yes,"We use a variety of assessments to track our school progress according to our district's Continuous Improvement Plan and the success of our overall model. We review our standardized test scores, universal screeners, climate and culture assessment, equity survey, community youth survey, attendance data and college and career readiness data to monitor our progress and assess the impact of our actions.",Not quite yet,Well,,,Jennifer DeSorgher,Director of Teaching and Learning,jennifer.desorgher@mvsdschools.org,1,5+ years,,1,,,3-4 years,,1,,,1,,1,,3-4 years,1,1,1,,,,,1,1,,,,,1,,1,1,1,,,,1,1,5+ years,,,,,1,,,,1,1,1,1,1,,,1,,,1,1,1,1,1,,,1,,,1,,,,,1,5+ years,1,1,,,,,,1,,,,,,,,,,,4,,,1,,2,3,,,500043300195,,,,,,,,,,,,,,,,,,,,,,,,,,,,,,,,,,,,
396,Quest Academy,West Haven,Utah,Quest Academy,Yes,4-6 years,Yes,"Teacher retention, student retention, end of level scores",Yes,Very well,,"mastery learning, blended, student choice,",Nicki Slaugh,Jr. High Admimistrator,nslaugh@questac.org,5+ years,1,1,,,1,1,,,1,,,,,,,,,,,,,,3-4 years,1,1,,,1,,,1,1,1,,,1,3-4 years,1,,1,1,3-4 years,,,1,,,,,,,,1,,1,,,1,,,,1,,,1,,,,1,,1,,5+ years,1,1,,1,,,1,,1,,,,,1,,,,1,,,,,,,,,,,,,,,,,,,,,,,,,,,,,,,,,,,,,,,,,,,,,,,
397,Williams Elementary School,Pasadena,Texas,Pasadena Independent School District,No,1-3 years,Yes,"I measure the success of our school model by achievement data, discipline data and faculty, student and parent reflection through survey.",Yes,Very well,,"No, but 4th grade participates in Summit Learning and many keywords that apply to 4th grade only were not selected",Christine Coppedge,Principal,ccoppedge@pasadenaisd.org,1-2 years,,1,,,,1-2 years,1-2 years,1,,,,,,,1,,1,1,1,,,,1,,1,,,,,,,1,1-2 years,1,,,1,1,1,,,,1-2 years,,,,,,,,,,,,1,1,1,,,1,,1,,1,1,1,,,,,,1,1,1,1,1,,,,,,1,,,1,,,,,,2,,,,,3,5,4,,1,desire to improve school climate and student success,483432003856,556,1.44%,0.00%,0.00%,0.18%,0.18%,96.04%,2.16%,Yes,Yes,Yes,Yes,Yes,Yes,No,No,No,No,No,No,No,No,0.84%,6.47%,52.28%,7.43%,1-Yes,District,2-No,–,,Suburban,91.91%,,34.5,27
399,Hilton Head Christian Academy,Bluffton,Sc,Independent,No,4-6 years,Yes,"As we are in the infancy stages of our full implementation, we are still determining measures of success. Student input and reflection, diagnostic tests, and competency-based assessments are the initial data sets that show progress. Continued monitoring and family and community (in a post-COVID or more relaxed environment) involvement will be key pieces.",Not quite yet,Very well,,,,,,1,1,1,1,1,3-4 years,1,1,1,1,1,1,1,3-4 years,1,1,1,1,1,1,,1,1,1,1,1,,1,1,1,1,1,1,1,,1,1,,1,Less than a year,,,1,1,1,,,1,1,,1,,,1-2 years,,1,,1,,1,1,,1,,1,1,,,,1,1,1,,1,,1,1,1,1,1,1-2 years,1,1,1,,1,,1,,,,1,3,2,,,,,4,,,,01611813,366,5.46%,0.00%,0.00%,0.00%,0.55%,1.64%,92.35%,,,,,,,,,,,,,,,,,,,,Independent,,,,Urban,,,,
400,Legacy Prep,Birmingham,Alabama,Legacy Prep,No,4-6 years,Not at this time,"Success is measured by quantitive and qualitative data metrics (stockholder surveys, stakeholder focus groups/pulse checks, assessment data, love/joy/excellence exhibited during interactions, etc.)",Not quite yet,Well,,,Jonta Morris,Founder and CEO,jmorris@legacyprepal.org,1,,1,1-2 years,1,1,1-2 years,1-2 years,1,,1,,1,1,1,1,1,1,1,1,,,1,1,1,1-2 years,1,1,1,1,1,,1,1,1,1,,,,1,,,,1,,1,,,,,,,,1,,1,,,1,,1,1,1,,1,1,,,,1,1,1,1,1,1,1,1,1,1-2 years,,,,,1,,,,,,,,2,,,,,,,,1,,,010020102472,,,,,,,,,,,,,,,,,,,,,,,,,,,,,,,,,,,,
402,i3 Academy,Birmingham,Alabama,i3 Academy,No,1-3 years,Yes,Success is measured by the growth in student's mastery of key skills and development as learners. We are in continual contact with students and their families to ensure they are receiving adequate support to flourish. Survey and assessments are used to see and track data.,Yes,Very well,,,Dr. Martin Nalls,Head of School,mnalls@i3academy.org,,Less than a year,1,1,,1,1,1,,,1,,,,,,,1,1,,,,,1,,,,,,,Less than a year,,1,,,,,,,,1,,,,1,1,,,,,,,,,,,1,1,1,,1,1,1,,1,1,1,,,Less than a year,,,,1,1,1,,,,,,,,,,,,,,,,2,,,,,,,1,3,,,010020402476,,,,,,,,,,,,,,,,,,,,,,,,,,,,,,,,,,,,
405,Western School of Science and Technology,Phoenix,Arizona,Western School of Science and Technology,No,Less than a year,Yes,There are multiple measures of success. First- our students. 100% graduate with post-secondary options in an area where we might only see 30% at other schools. Secondarily- we take each of these goals and break them into measurable steps and then allocate the needed resources to make these things happen.,Yes,Not very well,,Focused on alumni success as well,Jessica Makowske,School Director,jmakowske@wsst.school,,,,,1,,,1,,1,,,3-4 years,1,,,1,1-2 years,,,,3-4 years,1,1,,1,,,,,,,5+ years,1,,1,,1,,,,1,,,,,,1,1,1,1,,,1,,1,1,,,,1,,1,,,1,,,,,1,,,,,1,,,,,,,1,5+ years,,1,,1,,,,1,,,,,,,,2,,,040092403436,552,1.63%,0.00%,0.18%,0.18%,0.00%,96.92%,1.09%,No,No,No,No,No,No,No,No,Yes,Yes,Yes,Yes,Yes,Yes,6.04%,17.59%,4.99%,10.76%,1-Yes,Charter,–,–,,Urban,,90.00%,32,22
408,Learn4Life Inglewood - Alta Vista Innovation High,Inglewood,California,Not applicable,No,4-6 years,Yes,"Since the majority of our students have been out of school 80+ days, we measure the success of our model by those students who either continue in our program and graduate or return to their traditional school to graduate. We have a 90% success rate, and 45% of those that graduate with us go on to post-secondary education.",Not quite yet,Well,The Early College is held on the Tennessee College of Applied Technology Campus and the district works with those process to keep the students on track toward the completion of their diploma.,Personalized Learning,Dr. Norma Vijeila,Principal,nvijeila@innovationhigh.org,,1,1,1,,1,,1,,,,1,,1,1,,1,1,,1-2 years,5+ years,,,5+ years,,1,1,,,,,,1,1,,1,1,1,,,,1,1,,1,,,5+ years,,,1,,,1,1,1,,,1,,1,1,1,,1,1,,,,,,,,,1,1,1,,,,1,,1,,,5+ years,,1,,,,,1,,,,,,2,3,,jjj,,,,,,,,,,,,,,,,,,,,,,,,,,,,,,,,,,,,,
410,CHIME Institute's Schwarzenegger Community,Woodland Hills,California,CHIME Institute's Schwarzenegger Community District,No,10 years or more,Yes,"In our model learners from all backgrounds, abilities, language status, socio-economic status, etc. are educated together by teams of adults in fully inclusive general education classrooms. Our success is measured by each student having authentic agency within their classroom as they work toward acquiring mastery and skills that they can use to help them reach their goals and which they can use in their context of their daily lives. When our students have that authentic sense of belonging we witness their ability to make progress and demonstrate competency in a myriad of ways. We also are able to see them matriculate on to high school (and beyond) and attain success based on the growth they have experienced at CHIME.",Yes,Well,,Constructivist approach to teaching and learning; co-teaching; positive behavior intervention and support; inclusion,Erin Studer,Executive Director,estuder@chimecharter.com,,,5+ years,1,,,5+ years,,,,1,,,,1,1,1,1,,,,1,,1,,5+ years,,1,,,,,,,,,,,,,,,,,,,,,,,,,,,,1,1,,,,1,1,1,,1,1,,,,1,,1,1,,1,1,1,1,,,1,5+ years,,5+ years,,,,,,,,1,,,,,,,2,3,,,060149008724,787,3.56%,,0.89%,4.32%,4.70%,23.00%,63.53%,No,Yes,Yes,Yes,Yes,Yes,Yes,Yes,Yes,Yes,No,No,No,No,,,,,2-No,Charter,2-No,113,http://chimeinstitute.org,Urban,14.36%,,,
415,Yu Ming Charter School,Oakland,California,Yu Ming Charter School District,Yes,7-9 years,Yes,"Academic data Behavior data SEL data Empathy interview Family, student, staff survey data",Yes,Well,,,Xinyi Xu,Director of Curriculum and Instruction,xxu@yumingschool.org,,5+ years,5+ years,,,1,3-4 years,1,,,,,,,,1,1,,,,,,,1,,1,,1,,,,1,,1,,1,,,1,1,,1,3-4 years,1,,,,,,,,,,1,,1,1,,,,1,1,1,,1,1,,,,,,1,,,,1,1,1,,,,,,,5+ years,,,,,,,5,4,1,,3,,,,2,,,060201312901,445,6.07%,0.22%,,32.13%,47.64%,5.84%,8.09%,No,Yes,Yes,Yes,Yes,Yes,Yes,Yes,Yes,Yes,No,No,No,No,,,,,–,Charter,2-No,46,http://www.yumingschool.org,Urban,14.38%,,,
416,Chrysalis Charter School,Palo Cedro,California,Chrysalis Charter District,No,7-9 years,Not at this time,Have we encouraged our students' lights to shine brighter? Are the teachers' lights shining bright? How do our students do compared to students at other local schools?,Yes,Not very well,,"science focus, nature focus, teacher empowerment",Catherine Thompson,Administrator/Superintendent,catherinet@chrysalischarter.org,1,,1,,,,1,5+ years,,1,1,,,1,3-4 years,,1,1,,1,,1,,1,,1,,,5+ years,,,,,,1,1,,1,,1,,1,1,,1,,,,,,,,1,,,1,1,1,1,1,1,1,1,1,1,1,1,,,1,,,1,5+ years,,1,1,,,,,,,3-4 years,,,,,,,,2,,,,,,,,,1,teacher empowerment,060225311800,232,,0.86%,1.29%,6.47%,0.43%,10.34%,80.60%,No,Yes,Yes,Yes,Yes,Yes,Yes,Yes,Yes,Yes,No,No,No,No,,,,,1-Yes,Charter,2-No,58,http://www.chrysalischarterschool.com,Rural,41.81%,,,
417,Grant Beacon Middle School,Denver,Colorado,Denver Public Schools,No,10 years or more,Yes,"Parent surveys, state scores, ongoing interims, monitoring of gradebooks, student surveys.",Yes,,Well,"We were ahead of the curve with our structurers. For example our grading policies remained the same, advisories are intact for support, LMS were better built and wer provided enrichments.",Alex Magana,Executive Director Beacon Network Schools,mr.magana@denverbeaconschools.org,5+ years,1,,,,1,1,1,3-4 years,,,,,,1,1,,,,,,,,1,,,,,,,,1,1,5+ years,,,1,1,1,,,,1,,,,,,,,,,,,,1,,,1,,1,5+ years,,,,,,,,,1,,,3-4 years,,1,,1,1,1,1,,,,,1,,,,,,1,,,,,,,2,,,,080336000357,406,6.40%,,0.74%,3.94%,2.96%,70.94%,15.02%,No,No,No,No,No,No,No,Yes,Yes,Yes,No,No,No,No,0.00%,21.85%,45.25%,16.34%,1-Yes,District,2-No,190,http://beaconnetworkschools.org/gbms/,Urban,80.54%,,47,27
419,Escuela Valdez,Denver,Colorado,Denver Public Schools,No,7-9 years,Yes,"Formal and informal assessment data, student language level and growth, family and community engagement, student/family mobility, teacher mobility, survey satisfaction data",Yes,Well,,,Jessica Buckley,Principal,jessica_buckley@dpsk12.org,,,3-4 years,,1,,5+ years,,1,,,,1,1,5+ years,1,,1,1,,,,,1,,1,,,,,,,,5+ years,,,,,,,1,,1,1,,,,,,,,,,,,,1,1,,,1,1,1,,1,1,1,,,,1,,,1,,1,1,,1,,,,,,5+ years,,,,,1,,3,,,,,2,,,1,,,080336000420,407,0.74%,,,2.21%,0.25%,64.62%,32.19%,Yes,Yes,Yes,Yes,Yes,Yes,Yes,No,No,No,No,No,No,No,0.54%,21.35%,32.70%,11.08%,–,District,2-No,82,http://www.escuelavaldez.org/,Urban,46.44%,,61.16666667,54.5
420,McGlone Academy,Denver,Colorado,Denver Public Schools,No,7-9 years,Yes,Through SO many different assessments and through observation,Yes,Well,,,Sara Goodall,Principal,sara_gips@dpsk12.net,1,1,1,,1-2 years,1,3-4 years,5+ years,1,,,,1,,1,1,1,1,1,1,,1,5+ years,1,,,,,,,,,1,1,1,,,1,,,1,1,,,,,,,,,,,,,,,1,1,,,1,1,1,,1,1,1,,,1,5+ years,,1,,1,1,1,,,,1,,,,1,,,,,,,3,,,,,,,2,1,,,080336001276,936,14.00%,6.30%,0.32%,2.03%,0.11%,75.32%,1.92%,Yes,Yes,Yes,Yes,Yes,Yes,Yes,Yes,Yes,Yes,No,No,No,No,10.70%,27.57%,53.64%,10.56%,1-Yes,District,2-No,358,http://mcglone.dpsk12.org,Urban,92.52%,,16.6,11.7
421,Great Oaks Bridgeport,Bridgeport,Connecticut,Great Oaks Charter School District,No,1-3 years,Yes,"Student and staff feedback, progress towards standard, observations, NWEA growth",Yes,Well,,evolving - we are still figuring out and adding pieces so what things may look like today might not be what they look like tomorrow,John Scalice,Executive Director,jscalice@greatoakscharter.org,Less than a year,,1-2 years,1,,,3-4 years,1,1,1,,1,1,,1,1,1,,1,1-2 years,1,,1,1,,1,,1,1,1,,1,1,,1,1,1,1,1,1,1,1,1,,1,1,,1,,,,,,1,,1,1,,1,1,Less than a year,1,1,,1,1,1,1,1,,1,1,1,1,1,1,,,,,1,1,1,,,1,,,,1,,5,,2,,,3,4,,1,,,090021901782,465,48.17%,0.43%,0.22%,1.51%,,44.95%,4.73%,No,No,No,No,No,No,No,Yes,Yes,Yes,Yes,Yes,No,No,22.08%,26.41%,3.03%,,1-Yes,Charter,2-No,–,http://www.greatoakscharter.org,Urban,73.12%,,15.33333333,17.16666667
423,Ballou Senior High School,Washington,District of Columbia,District of Columbia Public Schools,No,1-3 years,Not at this time,"Success at Ballou is measured by both student outcomes, as well as feedback provided by their students, staff, families, and community members. They’ve created progress monitoring plans to evaluate their progress on focus areas such as student engagement, student and staff self-efficacy and sense of belonging, promotion rates, and teacher effectiveness. Quarterly, various leadership groups gather to review and analyze data, identify areas of success, and make pivots to their approaches as needed.",Yes,Not very well,,Healing-Centered Practices; Case-Study Methodology; Career-Technical Education;,Shajena Cartagena,Director of Redesign,shajena.cartagena@k12.dc.gov,,1,,,,,1,1,,,1,5+ years,,1-2 years,1-2 years,1,1,,,,,1,,1,,,,1,Less than a year,,,,,1,,,,,,,,1,,,,1,,1,1,5+ years,1,,,,,,1,,,,1,1,,,1,1,,,,,,1,,1,,1,,,,1,,1,,1,,,,,,,,,3,2,4,,1,,,,,,110003000084,650,98.46%,,,,,1.38%,0.15%,No,No,No,No,No,No,No,No,No,No,Yes,Yes,Yes,Yes,4.39%,108.98%,0.43%,26.52%,–,District,†,442,http://www.dcps.dc.gov,Urban,,55.00%,,
424,Anacostia High School,Washington,District of Columbia,District of Columbia Public Schools,No,1-3 years,Yes,"Success at Anacostia is measured by both student outcomes, as well as feedback provided by their students, staff, families, and community members. They’ve created progress monitoring plans to evaluate their progress on focus areas such as student engagement, student and staff self-efficacy and sense of belonging, promotion rates, and teacher effectiveness. Quarterly, various leadership groups gather to review and analyze data, identify areas of success, and make pivots to their approaches as needed.",Yes,Well,,Community-driven school model; environment and social justice,Latisha Coleman,Director of Redesign,latisha.coleman@k12.dc.gov,,,1,,,Less than a year,1,1,,,,1,,1-2 years,1,,,,,,,,,,1,,,1,1,1,1,,,1,,,,,,,,,,,,,,1,1,1,1,,,Less than a year,,,1,,,,1,1,1,,1,1,,,,,,,,1,1,1,,1,,1-2 years,,,,1,,,,,,,,,,1,4,,2,,,3,,,110003000085,296,97.30%,,,0.34%,,2.36%,,No,No,No,No,No,No,No,No,No,No,Yes,Yes,Yes,Yes,0.33%,105.63%,0.00%,29.64%,–,District,†,210,http://www.anacostiahs.org,Urban,,52.00%,,
425,Promise Academy,Washington,District of Columbia,KIPP DC Public Charter Schools,No,Less than a year,Yes,We constantly seek feedback from all stakeholders to measure success on our school model. Success at our school is ensuring that our students have the skills and feel supported to achieve at the levels that they can while ensuring that as a learning community we are responsive to how we educate and/or provide supports to students. Providing a sense of belonging and equity in design is key in prioritizing how we achieve success.,Yes,Well,,Not at this time,Monique Hardin-Simmons,Principal,monique.hardin-simmons@kippdc.org,1,,1-2 years,,1-2 years,,3-4 years,3-4 years,,,1,,1,1,1-2 years,,,1,1,1,,1,1,1,,,,,,1,,1,,1,1,1,,1,,,,,1,,1,,,,,,,,,,,,1,,,,1,1,1,,1,1,,,,1,1,1,,,,1,1,1,1,,,1,,,,,1,,,,,,,,,,,,,1,,,110003100419,518,97.49%,,,,,2.51%,,No,Yes,Yes,Yes,Yes,Yes,No,No,No,No,No,No,No,No,0.00%,26.80%,0.39%,14.37%,–,Charter,†,292,http://www.kippdc.org,Urban,,,47,74.5
426,Center City Congress Heights,Washington,District of Columbia,Center City Public Charter Schools,No,7-9 years,Yes,"We measure success of our school model in a myriad of ways. First, we measure our success through our city/district's accountability measures and frameworks. Additionally we measure or success through our own tracking and monitoring of student work, growth, and evolution which also tracks students being happy, and knowing that they are surrounded by the drive and desire for them to be able to have options, in how they go out into the world and become great people.",Not quite yet,Well,,,Niya White,Principal,nwhite@centercitypcs.org,,1,,,,,5+ years,5+ years,,,,,,,,1,,,,,,,,5+ years,,,,,,,,,,5+ years,,,,,,1,1,,,,,,,,,,,,,,,5+ years,1,,1,,1,1,1,,,1,,,,,,1,1,,1,1,1,,,,,,,,,,,,,1,,,,2,,,1,3,,,,,110007300412,250,92.40%,,,3.20%,,3.60%,0.80%,Yes,Yes,Yes,Yes,Yes,Yes,Yes,Yes,Yes,Yes,No,No,No,No,0.82%,28.81%,0.00%,7.00%,–,Charter,†,128,http://www.centercitypcs.org,Urban,,,34,27.41666667
429,The Workshop School,Philadelphia,Pennsylvania,School District of Philadelphia,No,7-9 years,Yes,"In less than 10,000 words? Student engagement, growth on MyWays competencies, post-secondary success index",Yes,Well,,"WyWays aligned competencies, Experiential learning (Sampling)",Simon Hauger,Principal,simon.hauger@workshopschool.org,,5+ years,,1,1,1,5+ years,1,1,,1,1,1,1,1,,,1,1,5+ years,,1,1,,5+ years,1,,5+ years,1,1,,1,,,,,,1,1,1,,1,,1,1,,,,1,1,1,1,,,,1,1,,,,1,,1,,,1,,,,,,,,,,1,,,,,,,1,,,,,,,,,4,,1,2,,,,,3,,,421899007548,255,85.49%,0.39%,0.39%,6.27%,3.14%,2.35%,1.96%,No,No,No,No,No,No,No,No,No,No,Yes,Yes,Yes,Yes,0.00%,46.12%,3.40%,15.53%,1-Yes,District,1-Yes,–,,Urban,100.00%,50.00%,,
430,Building 21 Philadelphia,Philadelphia,Pennsylvania,School District of Philadelphia,No,4-6 years,Yes,"Mastery and Growth on Competencies, Competency alignment with College and Career Persistence, Measures of student engagement and agency",Yes,,Well,,Laura Shubilla,Co-Founder,laura@b-21.org,1,1,1,,5+ years,1,5+ years,1,1,,1,1,1,1,1,1,1,1,1,1,,1,1,,,1,1,1,5+ years,,,1,1,1,,,1,1,5+ years,1,,5+ years,,,,1,,1,1,,1,,,,,1,1,,,,1,1,,,,1,,,,1,1,,,1,,1,,,,,,,,,,,1,,,,,,,,,,,,,,1,School was designed to rethink secondary education and make learn more human centered and transparent,421899007534,334,82.63%,0.00%,0.00%,2.40%,0.30%,13.77%,0.90%,No,No,No,No,No,No,No,No,No,No,Yes,Yes,Yes,Yes,0.00%,51.68%,8.39%,19.80%,1-Yes,District,2-No,–,†,Urban,100.00%,77.00%,,
431,The U School,Philadelphia,Pennsylvania,School District of Philadelphia,No,7-9 years,Yes,"Post-secondary persistence, growth within the competency model",Yes,Well,,,Neil Geyette,Principal,ngeyette@uschool.org,1,5+ years,1,1,1,1,5+ years,1,1,1,,1,1,1,5+ years,1,1,5+ years,1,1,1,1,5+ years,1,,1,1,1,1,,,,,,,,,1,1,1,1,1,1,,1,,,,1,1,1,,,1,,1,1,,,,1,1,1,1,,,,,,,,1,,,,1,,1,,1,,1,,1,,,,,,,,2,,,,,,,,1,,,421899007547,253,74.31%,0.00%,0.79%,3.16%,0.40%,18.58%,2.77%,No,No,No,No,No,No,No,No,No,No,Yes,Yes,Yes,Yes,0.00%,64.37%,2.30%,20.11%,1-Yes,District,2-No,–,,Urban,100.00%,84.50%,,
434,Comp Sci.High,Bronx,New York,Urban Assembly Charter School For Computer Science,No,1-3 years,Yes,"The single most important measure won't be available until our founding class reaches the age of 25; our best measure of success will be the percentage of students at or above median income at 22 and 25. However, the percentage of students with a post-secondary program with an 80% or better job placement rate (college or otherwise) is a good proxy.",Yes,Well,,"Work-Based Learning, Computer Science",David Noah,Founder,david.noah@compscihigh.org,,1-2 years,,1,,1,1,,,,1,3-4 years,,3-4 years,3-4 years,1,1,,,,,1,1,1,,,1,1,1,,,,,1,,,,1,,1,,3-4 years,1,,,,,1,1,1,,,,1,,,,,1,1,,1,1,,,1,,1,,,1,,,1,1,1,,1,,1,,,,,,,,,,,,2,,,,,,,,1,3,The changing structure of the US and Global economy and nature of class structure and social mobility in the US.,360118206634,112,33.93%,0.00%,1.79%,1.79%,3.57%,58.04%,0.89%,No,No,No,No,No,No,No,No,No,No,Yes,No,No,No,,,,,1-Yes,Charter,2-No,–,http://www.compscihigh.org,Urban,84.82%,,,
439,Jasper High School,Jasper,Arkansas,Jasper School District,No,10 years or more,Yes,"Student surveys, failure rates, overall culture of the school.",Yes,Very well,,no,Jeff Lewis,Principal,jlewis@jasper.k12.ar.us,3-4 years,,1,1,,,1,,1,,,1,,,,,,5+ years,,,,,,,1,1,,1,,,,1,3-4 years,1,,1,3-4 years,,,,1,1,,1,1,,,,1,,5+ years,1,,1,,1,1,1,,,1,,1,,,1,1,,,,,1,,,1,,1,,1,,1,,1,,,,,,,,,1,,,,,,,,,,,050824000545,238,1.26%,,,0.84%,0.42%,0.84%,96.64%,No,No,No,No,No,No,No,No,Yes,Yes,Yes,Yes,Yes,Yes,6.81%,16.60%,0.00%,11.06%,1-Yes,District,2-No,50,http://jasper.k12.ar.us,Rural,70.17%,80.00%,39.5,24.5
443,Rooted School Indianapolis,Indianapolis,Indiana,none,No,1-3 years,Yes,Student Attendance and Engagement Growth and Achievement Parent and Student Surveys,Yes,Well,,,Ma'at Lands,Executive Director,mlands@rootedschoolindy.org,Less than a year,Less than a year,Less than a year,,,,Less than a year,1,1,,,1,Less than a year,1,1,,1,1,1,,,,1,1,1,1,,,,,,,,1,,,,1,1,1,1,1,1,,1,1,,,1,1,,,,,,1,1,1,1,1,1,1,1,,,1,1,1,1,1,1,,,1,1,1,1,,1,,1,1,1,1,,1,1,1,,,,2,,,,,,3,,1,,,,,,,,,,,,,,,,,,,,,,,,,,,,,,,,,,,,,,,
445,Lewisburg Elementary,Lewisburg,Kentucky,Logan County,No,4-6 years,Yes,"Student growth. We measure growth in a variety of ways. District assessments in math and reading, proficiency in the profile of success, competency on the power standards, and defense of learning portfolios.",Yes,Well,,,Joshua Matthews,Principal,joshua.matthews@logan.kyschools.us,,Less than a year,,,,3-4 years,1,1,1,1,,1,,,,,,1,,,1,,,1,1,,,1,3-4 years,,1,1,1,5+ years,,1,,1,1,1,,1,1,,,1,,,,,,,,1-2 years,,1,1,,1,1,,1,1,,1,1,1,,1,,,,,1,1,1,,1,,,,,1,,,1,,,,,,1,2,,,,,,,,,,210354001545,497,0.60%,,,2.82%,,4.83%,91.75%,Yes,Yes,Yes,Yes,Yes,Yes,Yes,Yes,Yes,Yes,No,No,No,No,14.69%,13.94%,0.75%,13.37%,1-Yes,District,2-No,–,,Rural,55.53%,,51.58333333,38.25
447,Mālama Honua Public Charter School,Waimanalo,Hawaii,Hawaii Department of Education,No,7-9 years,Yes,Performance Assessments based on concepts drawn from our mission- our Mind of the Navigator Skills.,Not quite yet,,Well,,Denise Espania,School Director,despania@malamahonuapcs.org,1,1,1,1,,5+ years,1,,1,1,,1,5+ years,5+ years,1,1,,,1,,,1,1,1,1,1,1,5+ years,1,1,,1,,1,1,,,1,,1,,,1,1,1,,,,1,,,,1,,,1,,,1,1,1,1,1,5+ years,1,1,,,1,,,1,,1,1,1,1,1,1,1,1,1,,1,,,1,,,,,3,,,,,,,,2,1,Educational Sovereignty,150003000299,126,0.79%,53.17%,,8.73%,,21.43%,15.87%,No,Yes,Yes,Yes,Yes,Yes,Yes,Yes,No,No,No,No,No,No,0.00%,16.67%,3.03%,,–,Charter,†,23,†,Suburban,50.00%,,49.83333333,43.33333333
452,Nokomis High School,Newport,Maine,RSU 19,No,10 years or more,Not at this time,Multiple feedback loops from various stakeholders; Grade and attendance data.,Not quite yet,Well,,,Mary Nadeau,Principal,mnadeau@rsu19.net,1,5+ years,1,,,1-2 years,1,1,1,,,1,1,1,,1,,1,1-2 years,,1,1,,1,1,,,1,1,,,1,,1,,,1,,1,1,,5+ years,,1,1,,,1,1,5+ years,1,1,1,,,,,,1,,,1,1,,,1,,,,,,,1,1,1,1,1,1,,,1,,,,,1,,,,,,2,1,,,,,,,,,,231478500729,572,0.70%,,0.17%,4.20%,0.17%,1.75%,93.01%,No,No,No,No,No,No,No,No,No,No,Yes,Yes,Yes,Yes,2.76%,16.72%,0.31%,9.51%,1-Yes,District,2-No,155,,Rural,54.90%,92.00%,,
455,Uxbridge High School,Uxbridge,Massachusetts,Uxbridge School District,No,4-6 years,Yes,"We look at a variety of data points and have conversations with students, looking at their individual goals and the composite metrics for entire subgroups of students. Admittedly, this year has been a bit of an outlier, given the challenges of the pandemic, but we hope to be able to use these challenges as an opportunity to refocus into successes moving forward.",Yes,Very well,,,Michael Rubin,Principal,mrubin@uxbridge.k12.ma.us,1,1,1,3-4 years,1,1,1,1,1,,,1,,3-4 years,,1,1,,,,1,1,,1-2 years,1,1,1,1,3-4 years,,1,1,1,1,,1,,1,1,1,,1,,1,1,,,1,1,1,1,1,1,,1,1,,,1,1,1,1,1,,,1,,1,1,,1,1,1,,1,1,1,,1,1-2 years,1,,,1,,,,1,,,,1,2,5,,,3,,4,,,,251185001938,589,2.21%,,0.34%,2.72%,1.19%,4.58%,88.96%,No,No,No,No,No,No,No,No,No,Yes,Yes,Yes,Yes,Yes,0.39%,20.91%,0.79%,14.00%,–,District,2-No,111,https://www.uxbridgeschools.com/Domain/8,Rural,,92.00%,,
458,The Albuquerque Sign Language Academy,Albuquerque,New Mexico,ABQ Sign Language Academy,No,7-9 years,Yes,"growing, stable enrollment; extensive waiting list; graduating students succeed at next level",Yes,Well,,"Language rich, communication access driven, adapative",Raphael Martinez,Executive Director,rafem@aslacademy.com,,,5+ years,1,,1,5+ years,1,1,1,,1,1,1,1,1,1,,1,1,,1,1,1,,1,1,1,,1,,1,1,1,,,,1,,,1,1,1,1,1,,,1,1,,,,,1,1-2 years,1,,,1,,1,1,1,1,1,1,,,,1,,5+ years,,1,1,1,1,,,,,1,,1,5+ years,1,,,,,,1,2,6,7,,5,,3,4,,,350012301066,95,5.26%,0.00%,0.00%,1.05%,1.05%,67.37%,25.26%,No,Yes,Yes,Yes,Yes,Yes,Yes,Yes,Yes,Yes,Yes,Yes,Yes,Yes,8.08%,2.02%,25.25%,56.57%,1-Yes,Charter,2-No,34,http://www.aslacademy.com/,Urban,35.79%,,,50
462,Spring Grove School,Spring Grove,Minnesota,Spring Grove School District,No,10 years or more,Yes,"We use a human-centered design where we are constantly including students, teachers, and parents in the decisions and design of the learning experience and atmosphere. We collect information and adjust.",Yes,Well,,"We are describing a K-12 building, so terms like interdisciplinary or career-ready are prominent in some grade levels of our system, but not all.",Gina Meinertz,Assistant Superintendent,gina.meinertz@springgrove.k12.mn.us,,,,1,,,,,1,1,,1,,1-2 years,,,,1,,1,,1,,,1,,,,1,,1,,,1,,,,1,,1,,1,,1,1,,1,1,1,,1,,,,5+ years,,,,1,1,1,,,1,1,1,,,,1,,,,1,,1,1,,5+ years,,5+ years,,,,,,1,,,,,1,2,,,,,,,,,,,,,,,,,,,,,,,,,,,,,,,,,,,,,,,,,,,,,,
466,The Forest School,Fayetteville,Georgia,n/a; independent school,No,4-6 years,Yes,"Learners exploring and pursuing their life purpose. Our profile of a graduate is Learning to Be (ie SEL factors), Learning to Do (ie marketplace skills), Learning to Learn (ie traditional academics and the science of learning), and Learning to Live Together (ie teamwork, social capital, cross cultural competency and collaboration)",Yes,Well,,"Intentionally diverse, learner-led, self directed learning, apprenticeships, revised adult roles (guides not teachers), no homework, student-built contracts not adult-made rules",Dr. Tyler Thigpen,Cofounder and Head of school,tyler@theforest.school,1,3-4 years,1,3-4 years,1,1,1,1,1,1,1,1,1,1,1,1,1,,,,1,1,1,1,,1,1,3-4 years,3-4 years,1,1,1,1,1,,,1,1,1,1,1,1,1,1,1,1,1,1,1,1,1,1,1,1,1,,,,1,,1,1,,1,1,1,,,,1,1,1,,1,1,1,1,1,3-4 years,1,1,1,1,,,1,,1,,,,4,2,1,,,5,,6,3,,,,,,,,,,,,,,,,,,,,,,,,,,,,,,,,,,,,,,,
471,Woodstock Union Middle/High School,Woodstock,Vermont,Windsor Central Unified Union School District,No,7-9 years,Yes,"Graduation rates, post-secondary retention",Not quite yet,Well,,Portrait of a Graduate,Garon Smail,Principal,gsmail@wcsu.net,1,1,,1,,1,1,1,,,,1,,1,,1,,1,5+ years,1-2 years,,,,1,1,1,,1,,,1,,,,,1,,1,3-4 years,1,,,,1,1,,5+ years,,1,1,1,1,1,,1,1,,,Less than a year,1,1,1,1,1,,1,,,1,,,1,,1,1,1,1,,,,,,1,,,,,1,,,,,2,3,,,,1,,,,,500041600395,501,0.40%,,,3.79%,,3.79%,92.02%,No,No,No,No,No,No,No,No,Yes,Yes,Yes,Yes,Yes,Yes,,,,,2-No,District,2-No,–,http://www.wuhsms.org/,Rural,24.35%,,,
472,Burlington City & Lake Semester,Burlington,Vermont,Burlington School District,Yes,1-3 years,Yes,"Formal (e.g. exit cards, student surveys) and informal measures of progress on our theory of change.",Yes,Very well,,,Andy Barker,Project Director,Andy.barker.vt@gmail.com,1,1,1,1,1,3-4 years,3-4 years,,,1,1,,1,3-4 years,1,1,1,,,,1,1,1,1,1,1,1,1,3-4 years,1,,1,1,1,,,,,,1,,1,1,1,,,,,1,,,,1,,,,,1,,,,,,3-4 years,,,,,,,,,,,,,,1,,,1,,,,,,,,,,,2,1,,,,4,,3,5,,,,,,,,,,,,,,,,,,,,,,,,,,,,,,,,,,,,,,,
474,EdVisions Off Campus School,Henderson,Minnesota,EdVisions Off Campus School,No,10 years or more,Yes,"Student progress on personal learning plan, credits earned, engagement, autonomy, belongingness, student retention",Yes,Well,,,Gigi Dobosenski,"Advisor, Co-Director",gigi@edvisionsoffcampus.org,,1,,1,1,5+ years,1,,,,,,,,1,1,1,1,,,5+ years,,,5+ years,1,1,1,1,1,1,,1,,,,,1,1,,1,1,5+ years,1,5+ years,1,,,,,,,,,,1,,1,,,,,1,1,,1,,,,,,,1,,1,1,1,,1,1,,,1,1,,,,,,,,,2,,1,3,,,,,,,,270026103319,112,6.25%,,3.57%,2.68%,1.79%,3.57%,82.14%,No,No,No,No,No,No,No,No,Yes,Yes,Yes,Yes,Yes,Yes,0.00%,3.03%,0.00%,28.79%,–,Charter,2-No,–,http://www.edvisionshighschool.com,Rural,13.39%,49.50%,50,50
475,Link Learning,Berrien Springs,Michigan,Berrien Springs Public Schools,No,1-3 years,Yes,"We utilize our data dashboards to determine if our students are engaging. Our dashboards will tell us if a connection is being made, if engagement is occurring, if that engagement is increasing or decreasing and if the engagement is effective. Our school hinges on student connection and our data held within our dashboards tells us how successful we are and areas we need to focus on to improve.",Yes,Well,,,Kristi Teall,Executive Director,kteall@shamrocks.us,5+ years,1,5+ years,,,,1,1,,,,1,1,1,,,,1,,1,1,,,,,1,1,,,,,,1,1,,,1,1,,,1,,1,1,1,,1,,,,1,,1,1,,1,5+ years,,,,5+ years,,5+ years,,1,1,,,,,,,,,1,,,,,,1,1,1,1,,1,1,,,,,2,,,,,,,1,3,,,,,,,,,,,,,,,,,,,,,,,,,,,,,,,,,,,,,,,
477,Paramount Brookside,Indianapolis,Indiana,Paramount Schools of Excellence,No,Less than a year,Yes,"Student growth, staff satisfaction, parent satisfaction",Yes,Well,,"Standard's based, data-driven, gradual release education",Tommy Reddicks,CEO,treddicks@paramountindy.org,,,5+ years,,,,,1,,,,,,,,,,1,,,,1,,,,,1,,,,,,,5+ years,,,,1,,3-4 years,,,,,,,,,,,,,,,,1,1,1,,,,,1,,1,3-4 years,1,,,,,,,,,1,,,,,,1,,5+ years,,1,,,,,,1,,,,,,,,,,,180008602478,801,49.44%,0.12%,0.12%,9.49%,0.50%,15.73%,24.59%,No,Yes,Yes,Yes,Yes,Yes,Yes,Yes,Yes,Yes,No,No,No,No,0.00%,12.42%,5.75%,,1-Yes,Charter,2-No,492,,Urban,81.27%,,86.66666667,86.66666667
478,West Michigan Virtual Academy,Battle Creek,Michigan,Berrien Springs Public Schools,Yes,10 years or more,Yes,Highly successful,Yes,Not very well,,We are a Virtual on-line school with the unique option of attending a staffed computer lab. We offer individualized tutoring and connect families with outside services and agencies in the community.,Bob Kubiak,Director,bkubiak@homeoftheshamrocks.org,5+ years,,3-4 years,,1,,1,5+ years,,1,,1,1,1,,1,,1,1,3-4 years,,,1,1,,1,1,,,,1,,1,1,,,1,1,,1,1,,1,1,1,1,,,1,,1,,1,,,1,,,1,1,1,,1,,1,1,,,,1,1,1,,1,1,,,,1,,1,,1,,1,5+ years,1,,,,,2,,1,,,,,,,,,,,,,,,,,,,,,,,,,,,,,,,,,,,,,,,,,,,,,
480,Leadership Academy,Irving,Texas,Manara Academy,No,1-3 years,Yes,"Stakeholder surveys, school-wide data, community feedback and input, student and parent responsiveness and involvement, feedback from teaching staff, leadership team input, effective practice implementation and ongoing adjustments to feedback.",Yes,Very well,,,Denise Sudan,Superintendent,dsudan@manaraacademy.org,,1-2 years,Less than a year,1-2 years,1,,,1-2 years,,1,,1,1,,1,,1,,,,1,,,1,,,1,1,1,,,1,1,1,,1,,1,,1,1,,1,,1,,,,,,1,,,,,1,1,1,1,,1,,1,,1,1,Less than a year,,,,,1,,,1,1,1,1,,,1,,,,,,,,,1,,1,,,,,,3,2,,,,480141513534,162,35.80%,0.00%,1.85%,0.62%,30.86%,3.09%,27.78%,No,No,No,No,No,No,No,No,Yes,Yes,Yes,Yes,Yes,Yes,,,,,1-Yes,Charter,2-No,–,,Urban,55.56%,,59.5,19.75
481,Arlington STEM Academy,Arlington,Texas,Manara Academy,No,1-3 years,Yes,"Our school model has experienced various levels of success measured by survey results from students, families, and teachers. The impact of COVID on the success of our school model has created additional opportunities to involve our families more in their children's education.",Yes,Well,,,Lori Trussell,Principal,ltrussell@manaraacademy.org,Less than a year,1,1,1,1,1,1,1,,,,,1,,,1,,,,,1,1,,1,,5+ years,1,1,1,1,,,1,1,1,,,1-2 years,1,1,,,3-4 years,1,1,1,,,,,,,,,,1,,,1,,1-2 years,1,1,,1,1,,,,,1,1,1,1,1,,1,1,,,1,,,,,,1,,,,,,,3,,,1,2,,,,,480141513108,297,38.05%,0.00%,0.00%,3.03%,8.42%,9.09%,41.41%,Yes,Yes,Yes,Yes,Yes,Yes,Yes,Yes,Yes,Yes,No,No,No,No,3.67%,12.84%,37.61%,,1-Yes,Charter,2-No,–,,Urban,52.86%,,44.6,24
482,Irving Elementary,Irving,Texas,Manara Academy,No,1-3 years,Not at this time,"I believe that it is pretty successful, however going to at-home/online learning starting during last spring has caused some student deficits and made our school success harder to achieve.",Not quite yet,Very well,,Asynchronous with synchronous moments throughout the day.,,,,1,,,,,,,1,,,,,1,,,,,,,,,,,1,,,,1,,,,,,,,,,,,,,,5+ years,,,,,,,,,,,,,1,Less than a year,5+ years,Less than a year,,1,,1,,1,1,1,,,,,,,,1,1,1,5+ years,,,,1,1,,,,,,,,,,,,,,,1,2,,,,480141512439,433,24.25%,0.00%,1.39%,1.85%,46.88%,5.54%,20.09%,Yes,Yes,Yes,Yes,Yes,Yes,Yes,Yes,No,No,No,No,No,No,1.08%,27.06%,22.06%,7.58%,1-Yes,Charter,2-No,–,,Urban,39.95%,,47.625,43.875
483,Detroit Prep,Detroit,Michigan,Detroit Achievement Academy,No,4-6 years,Yes,"Our annual work plan goals - we monitor progress at least monthly for all measures of success, and step back at least twice a year to reflect more deeply and adjust course.",Yes,Very well,,,Jen McMillan,Co-Founder & Head of School,jen@detroitprep.org,1,1,3-4 years,1,1-2 years,1,1,1,1,1,1,,1,1,1,5+ years,3-4 years,1,1,1,,5+ years,1,1,,1,,1,1,,,1,1,1,,1,,1,1,1,1,1,1,1,,,,,1,,,,1,,,,,,1,1,1,1,1,1,1,1,,,1,1,1,1,1,1,1,1,1,1,1,,,,1,1,,,,1,,,1,2,,,,,,,,1,,,260104808796,121,49.59%,0.00%,0.00%,14.05%,0.00%,3.31%,33.06%,No,Yes,Yes,Yes,Yes,Yes,Yes,Yes,Yes,Yes,No,No,No,No,,,,,2-No,Charter,2-No,–,,Urban,53.72%,,,